ID,name,confidence,x_min,y_min,x_max,y_max
1,apple,0.593478918,655.1359253,846.8022461,794.0830688,986.8093262
2,apple,0.44801414,323.6792603,675.1324463,388.0855103,795.5488281
3,apple,0.401158333,274.8013611,636.3405151,382.2115784,774.0346069
4,apple,0.360422552,994.9389038,666.4991455,1142.079956,800.4344482
5,apple,0.317703217,385.6383362,756.3066406,458.4951477,928.0189209
6,apple,0.593478918,655.1359253,846.8022461,794.0830688,986.8093262
7,apple,0.44801414,323.6792603,675.1324463,388.0855103,795.5488281
8,apple,0.401158333,274.8013611,636.3405151,382.2115784,774.0346069
9,apple,0.360422552,994.9389038,666.4991455,1142.079956,800.4344482
10,apple,0.317703217,385.6383362,756.3066406,458.4951477,928.0189209
11,apple,0.593478918,655.1359253,846.8022461,794.0830688,986.8093262
12,apple,0.44801414,323.6792603,675.1324463,388.0855103,795.5488281
13,apple,0.401158333,274.8013611,636.3405151,382.2115784,774.0346069
14,apple,0.360422552,994.9389038,666.4991455,1142.079956,800.4344482
15,apple,0.317703217,385.6383362,756.3066406,458.4951477,928.0189209
16,apple,0.593478918,655.1359253,846.8022461,794.0830688,986.8093262
17,apple,0.44801414,323.6792603,675.1324463,388.0855103,795.5488281
18,apple,0.401158333,274.8013611,636.3405151,382.2115784,774.0346069
19,apple,0.360422552,994.9389038,666.4991455,1142.079956,800.4344482
20,apple,0.317703217,385.6383362,756.3066406,458.4951477,928.0189209
21,apple,0.740422249,164.3734589,222.5827332,217.8313141,268.7714233
22,apple,0.593478918,655.1359253,846.8022461,794.0830688,986.8093262
23,apple,0.44801414,323.6792603,675.1324463,388.0855103,795.5488281
24,apple,0.401158333,274.8013611,636.3405151,382.2115784,774.0346069
25,apple,0.360422552,994.9389038,666.4991455,1142.079956,800.4344482
26,apple,0.317703217,385.6383362,756.3066406,458.4951477,928.0189209
27,banana,0.810187399,18.34539032,1023.145569,111.5396652,1197.217773
28,banana,0.810187399,18.34539032,1023.145569,111.5396652,1197.217773
29,banana,0.433915436,754.2634277,668.3413086,955.1420898,1114.052734
30,banana,0.810187399,18.34539032,1023.145569,111.5396652,1197.217773
31,banana,0.29153657,369.6246948,971.4456177,480.0517578,1161.541992
32,banana,0.321508408,833.8380737,428.3164978,923.3379517,526.9418945
33,banana,0.29153657,369.6246948,971.4456177,480.0517578,1161.541992
34,banana,0.321508408,833.8380737,428.3164978,923.3379517,526.9418945
35,banana,0.321508408,833.8380737,428.3164978,923.3379517,526.9418945
36,banana,0.321508408,833.8380737,428.3164978,923.3379517,526.9418945
37,banana,0.321508408,833.8380737,428.3164978,923.3379517,526.9418945
38,banana,0.394988179,411.2414856,714.8622437,610.6665039,812.7927856
39,banana,0.290594667,592.5950928,791.9216309,635.6781616,824.5483398
40,banana,0.394988179,411.2414856,714.8622437,610.6665039,812.7927856
41,banana,0.290594667,592.5950928,791.9216309,635.6781616,824.5483398
42,banana,0.321508408,833.8380737,428.3164978,923.3379517,526.9418945
43,banana,0.394988179,411.2414856,714.8622437,610.6665039,812.7927856
44,banana,0.290594667,592.5950928,791.9216309,635.6781616,824.5483398
45,banana,0.321508408,833.8380737,428.3164978,923.3379517,526.9418945
46,banana,0.394988179,411.2414856,714.8622437,610.6665039,812.7927856
47,banana,0.290594667,592.5950928,791.9216309,635.6781616,824.5483398
48,banana,0.394988179,411.2414856,714.8622437,610.6665039,812.7927856
49,banana,0.290594667,592.5950928,791.9216309,635.6781616,824.5483398
50,book,0.575717032,254.1814728,912.3261719,782.5294189,1020.054077
51,book,0.482332647,365.5000305,378.5483704,844.7156372,1174.012329
52,book,0.575717032,254.1814728,912.3261719,782.5294189,1020.054077
53,book,0.482332647,365.5000305,378.5483704,844.7156372,1174.012329
54,book,0.575717032,254.1814728,912.3261719,782.5294189,1020.054077
55,book,0.575717032,254.1814728,912.3261719,782.5294189,1020.054077
56,book,0.575717032,254.1814728,912.3261719,782.5294189,1020.054077
57,book,0.575717032,254.1814728,912.3261719,782.5294189,1020.054077
58,book,0.575717032,254.1814728,912.3261719,782.5294189,1020.054077
59,book,0.482332647,365.5000305,378.5483704,844.7156372,1174.012329
60,book,0.575717032,254.1814728,912.3261719,782.5294189,1020.054077
61,book,0.575717032,254.1814728,912.3261719,782.5294189,1020.054077
62,book,0.686838806,677.3569946,193.6552124,901.2484741,1236.047607
63,book,0.422487378,352.2948914,137.5494385,700.4165039,1256.707031
64,book,0.500795364,277.9167175,87.62646484,654.7813721,1195.686401
65,book,0.336661011,633.1341553,187.4378357,962.8743896,1184.869019
66,book,0.257414281,48.6083107,34.47952652,786.6495972,982.758667
67,book,0.575717032,254.1814728,912.3261719,782.5294189,1020.054077
68,book,0.575717032,254.1814728,912.3261719,782.5294189,1020.054077
69,book,0.482332647,365.5000305,378.5483704,844.7156372,1174.012329
70,book,0.575717032,254.1814728,912.3261719,782.5294189,1020.054077
71,book,0.575717032,254.1814728,912.3261719,782.5294189,1020.054077
72,book,0.500795364,277.9167175,87.62646484,654.7813721,1195.686401
73,book,0.336661011,633.1341553,187.4378357,962.8743896,1184.869019
74,book,0.257414281,48.6083107,34.47952652,786.6495972,982.758667
75,book,0.575717032,254.1814728,912.3261719,782.5294189,1020.054077
76,bottle,0.332960725,320.581604,224.7954407,637.5280151,1200.781372
77,bottle,0.442316711,627.0699463,268.4395752,945.9523926,1198.739502
78,bottle,0.552929997,538.359375,306.5406799,790.3650513,858.1943359
79,bottle,0.3028346,345.2132568,27.17107582,849.6273193,1115.98938
80,bottle,0.3028346,345.2132568,27.17107582,849.6273193,1115.98938
81,bottle,0.3028346,345.2132568,27.17107582,849.6273193,1115.98938
82,bottle,0.434454918,160.3010101,0,351.0075073,496.1281433
83,bottle,0.3028346,345.2132568,27.17107582,849.6273193,1115.98938
84,bottle,0.428630322,456.905365,198.558548,682.0927124,743.7035522
85,bottle,0.335329711,178.5396271,239.6474152,373.3936462,718.3513184
86,bottle,0.501195967,657.1534424,313.0819702,952.0588379,1231.496094
87,bottle,0.355326921,446.1914063,312.0218506,628.322998,1193.137085
88,bottle,0.265085548,133.3917999,241.6546631,556.5010986,1177.076904
89,bottle,0.3028346,345.2132568,27.17107582,849.6273193,1115.98938
90,bottle,0.332960725,320.581604,224.7954407,637.5280151,1200.781372
91,bottle,0.442316711,627.0699463,268.4395752,945.9523926,1198.739502
92,bottle,0.552929997,538.359375,306.5406799,790.3650513,858.1943359
93,bottle,0.25112617,668.3720703,35.92297363,1169.408447,1266.350098
94,bottle,0.3028346,345.2132568,27.17107582,849.6273193,1115.98938
95,bottle,0.434454918,160.3010101,0,351.0075073,496.1281433
96,bottle,0.3028346,345.2132568,27.17107582,849.6273193,1115.98938
97,bottle,0.434454918,160.3010101,0,351.0075073,496.1281433
98,bottle,0.25112617,668.3720703,35.92297363,1169.408447,1266.350098
99,bottle,0.428630322,456.905365,198.558548,682.0927124,743.7035522
100,bottle,0.335329711,178.5396271,239.6474152,373.3936462,718.3513184
101,bottle,0.501195967,657.1534424,313.0819702,952.0588379,1231.496094
102,bottle,0.355326921,446.1914063,312.0218506,628.322998,1193.137085
103,bottle,0.265085548,133.3917999,241.6546631,556.5010986,1177.076904
104,bottle,0.332960725,320.581604,224.7954407,637.5280151,1200.781372
105,bottle,0.442316711,627.0699463,268.4395752,945.9523926,1198.739502
106,bottle,0.552929997,538.359375,306.5406799,790.3650513,858.1943359
107,bottle,0.25112617,668.3720703,35.92297363,1169.408447,1266.350098
108,bottle,0.3028346,345.2132568,27.17107582,849.6273193,1115.98938
109,bottle,0.3028346,345.2132568,27.17107582,849.6273193,1115.98938
110,bottle,0.410453767,143.2461548,27.1251297,406.1999512,782.4179077
111,bottle,0.428630322,456.905365,198.558548,682.0927124,743.7035522
112,bottle,0.335329711,178.5396271,239.6474152,373.3936462,718.3513184
113,bottle,0.388069272,109.2909851,11.31863499,302.6216736,600
114,bottle,0.840289712,237.1968079,147.6005859,374.9671326,557.0776367
115,bottle,0.501195967,657.1534424,313.0819702,952.0588379,1231.496094
116,bottle,0.355326921,446.1914063,312.0218506,628.322998,1193.137085
117,bottle,0.253530264,200.0368042,168.7416382,291.1987,370.8277588
118,bottle,0.703980327,103.4815903,86.27658844,219.1255798,282.1932983
119,bottle,0.642986774,236.6076508,132.2687988,274.6091003,263.3865051
120,bottle,0.582703531,208.6923218,117.7387924,249.5692139,273.3894043
121,bottle,0.52017045,262.9370117,143.5296631,302.1853027,257.1151123
122,bottle,0.345347792,42.37898254,33.47619629,413.8602295,781.5522461
123,bottle,0.25112617,668.3720703,35.92297363,1169.408447,1266.350098
124,bottle,0.434454918,160.3010101,0,351.0075073,496.1281433
125,bottle,0.421528101,565.4318237,156.8905029,929.4454956,1261.609131
126,bottle,0.3028346,345.2132568,27.17107582,849.6273193,1115.98938
127,bottle,0.25112617,668.3720703,35.92297363,1169.408447,1266.350098
128,bottle,0.703980327,103.4815903,86.27658844,219.1255798,282.1932983
129,bottle,0.642986774,236.6076508,132.2687988,274.6091003,263.3865051
130,bottle,0.582703531,208.6923218,117.7387924,249.5692139,273.3894043
131,bottle,0.52017045,262.9370117,143.5296631,302.1853027,257.1151123
132,bottle,0.332960725,320.581604,224.7954407,637.5280151,1200.781372
133,bottle,0.442316711,627.0699463,268.4395752,945.9523926,1198.739502
134,bottle,0.552929997,538.359375,306.5406799,790.3650513,858.1943359
135,bottle,0.25112617,668.3720703,35.92297363,1169.408447,1266.350098
136,bottle,0.703980327,103.4815903,86.27658844,219.1255798,282.1932983
137,bottle,0.642986774,236.6076508,132.2687988,274.6091003,263.3865051
138,bottle,0.582703531,208.6923218,117.7387924,249.5692139,273.3894043
139,bottle,0.52017045,262.9370117,143.5296631,302.1853027,257.1151123
140,bottle,0.332960725,320.581604,224.7954407,637.5280151,1200.781372
141,bottle,0.442316711,627.0699463,268.4395752,945.9523926,1198.739502
142,bottle,0.552929997,538.359375,306.5406799,790.3650513,858.1943359
143,bottle,0.434454918,160.3010101,0,351.0075073,496.1281433
144,bottle,0.421528101,565.4318237,156.8905029,929.4454956,1261.609131
145,bottle,0.3028346,345.2132568,27.17107582,849.6273193,1115.98938
146,bottle,0.703980327,103.4815903,86.27658844,219.1255798,282.1932983
147,bottle,0.642986774,236.6076508,132.2687988,274.6091003,263.3865051
148,bottle,0.582703531,208.6923218,117.7387924,249.5692139,273.3894043
149,bottle,0.52017045,262.9370117,143.5296631,302.1853027,257.1151123
150,bottle,0.332960725,320.581604,224.7954407,637.5280151,1200.781372
151,bottle,0.442316711,627.0699463,268.4395752,945.9523926,1198.739502
152,bottle,0.552929997,538.359375,306.5406799,790.3650513,858.1943359
153,bottle,0.3028346,345.2132568,27.17107582,849.6273193,1115.98938
154,bottle,0.428630322,456.905365,198.558548,682.0927124,743.7035522
155,bottle,0.335329711,178.5396271,239.6474152,373.3936462,718.3513184
156,bottle,0.501195967,657.1534424,313.0819702,952.0588379,1231.496094
157,bottle,0.355326921,446.1914063,312.0218506,628.322998,1193.137085
158,bottle,0.3028346,345.2132568,27.17107582,849.6273193,1115.98938
159,bottle,0.3028346,345.2132568,27.17107582,849.6273193,1115.98938
160,bottle,0.332960725,320.581604,224.7954407,637.5280151,1200.781372
161,bottle,0.442316711,627.0699463,268.4395752,945.9523926,1198.739502
162,bottle,0.552929997,538.359375,306.5406799,790.3650513,858.1943359
163,bottle,0.434454918,160.3010101,0,351.0075073,496.1281433
164,bottle,0.421528101,565.4318237,156.8905029,929.4454956,1261.609131
165,bottle,0.3028346,345.2132568,27.17107582,849.6273193,1115.98938
166,bottle,0.3028346,345.2132568,27.17107582,849.6273193,1115.98938
167,bottle,0.3028346,345.2132568,27.17107582,849.6273193,1115.98938
168,bottle,0.410453767,143.2461548,27.1251297,406.1999512,782.4179077
169,bottle,0.428630322,456.905365,198.558548,682.0927124,743.7035522
170,bottle,0.335329711,178.5396271,239.6474152,373.3936462,718.3513184
171,bottle,0.501195967,657.1534424,313.0819702,952.0588379,1231.496094
172,bottle,0.355326921,446.1914063,312.0218506,628.322998,1193.137085
173,bottle,0.691131711,437.2218323,150.1593628,629.9091187,767.8522949
174,bottle,0.804045916,648.3727417,458.7698669,882.5861206,1030.527466
175,bottle,0.549834669,464.5031738,464.3956909,652.9655762,979.2041626
176,bottle,0.428630322,456.905365,198.558548,682.0927124,743.7035522
177,bottle,0.335329711,178.5396271,239.6474152,373.3936462,718.3513184
178,bottle,0.703980327,103.4815903,86.27658844,219.1255798,282.1932983
179,bottle,0.642986774,236.6076508,132.2687988,274.6091003,263.3865051
180,bottle,0.582703531,208.6923218,117.7387924,249.5692139,273.3894043
181,bottle,0.52017045,262.9370117,143.5296631,302.1853027,257.1151123
182,bottle,0.332960725,320.581604,224.7954407,637.5280151,1200.781372
183,bottle,0.442316711,627.0699463,268.4395752,945.9523926,1198.739502
184,bottle,0.552929997,538.359375,306.5406799,790.3650513,858.1943359
185,bottle,0.3028346,345.2132568,27.17107582,849.6273193,1115.98938
186,bottle,0.3028346,345.2132568,27.17107582,849.6273193,1115.98938
187,bottle,0.434454918,160.3010101,0,351.0075073,496.1281433
188,bottle,0.421528101,565.4318237,156.8905029,929.4454956,1261.609131
189,bottle,0.421528101,565.4318237,156.8905029,929.4454956,1261.609131
190,bottle,0.3028346,345.2132568,27.17107582,849.6273193,1115.98938
191,bottle,0.410453767,143.2461548,27.1251297,406.1999512,782.4179077
192,bottle,0.3028346,345.2132568,27.17107582,849.6273193,1115.98938
193,bottle,0.703980327,103.4815903,86.27658844,219.1255798,282.1932983
194,bottle,0.642986774,236.6076508,132.2687988,274.6091003,263.3865051
195,bottle,0.582703531,208.6923218,117.7387924,249.5692139,273.3894043
196,bottle,0.52017045,262.9370117,143.5296631,302.1853027,257.1151123
197,bottle,0.434454918,160.3010101,0,351.0075073,496.1281433
198,bottle,0.421528101,565.4318237,156.8905029,929.4454956,1261.609131
199,bottle,0.332960725,320.581604,224.7954407,637.5280151,1200.781372
200,bottle,0.442316711,627.0699463,268.4395752,945.9523926,1198.739502
201,bottle,0.552929997,538.359375,306.5406799,790.3650513,858.1943359
202,bottle,0.703980327,103.4815903,86.27658844,219.1255798,282.1932983
203,bottle,0.642986774,236.6076508,132.2687988,274.6091003,263.3865051
204,bottle,0.582703531,208.6923218,117.7387924,249.5692139,273.3894043
205,bottle,0.52017045,262.9370117,143.5296631,302.1853027,257.1151123
206,bottle,0.434454918,160.3010101,0,351.0075073,496.1281433
207,bottle,0.421528101,565.4318237,156.8905029,929.4454956,1261.609131
208,bottle,0.3028346,345.2132568,27.17107582,849.6273193,1115.98938
209,bottle,0.332960725,320.581604,224.7954407,637.5280151,1200.781372
210,bottle,0.442316711,627.0699463,268.4395752,945.9523926,1198.739502
211,bottle,0.552929997,538.359375,306.5406799,790.3650513,858.1943359
212,bottle,0.703980327,103.4815903,86.27658844,219.1255798,282.1932983
213,bottle,0.642986774,236.6076508,132.2687988,274.6091003,263.3865051
214,bottle,0.582703531,208.6923218,117.7387924,249.5692139,273.3894043
215,bottle,0.52017045,262.9370117,143.5296631,302.1853027,257.1151123
216,bottle,0.501195967,657.1534424,313.0819702,952.0588379,1231.496094
217,bottle,0.355326921,446.1914063,312.0218506,628.322998,1193.137085
218,bottle,0.421528101,565.4318237,156.8905029,929.4454956,1261.609131
219,bottle,0.410453767,143.2461548,27.1251297,406.1999512,782.4179077
220,bottle,0.703980327,103.4815903,86.27658844,219.1255798,282.1932983
221,bottle,0.642986774,236.6076508,132.2687988,274.6091003,263.3865051
222,bottle,0.582703531,208.6923218,117.7387924,249.5692139,273.3894043
223,bottle,0.52017045,262.9370117,143.5296631,302.1853027,257.1151123
224,bottle,0.434454918,160.3010101,0,351.0075073,496.1281433
225,bottle,0.292580128,349.4625854,84.0151825,677.1919556,931.6661377
226,bottle,0.332960725,320.581604,224.7954407,637.5280151,1200.781372
227,bottle,0.442316711,627.0699463,268.4395752,945.9523926,1198.739502
228,bottle,0.552929997,538.359375,306.5406799,790.3650513,858.1943359
229,bottle,0.703980327,103.4815903,86.27658844,219.1255798,282.1932983
230,bottle,0.642986774,236.6076508,132.2687988,274.6091003,263.3865051
231,bottle,0.582703531,208.6923218,117.7387924,249.5692139,273.3894043
232,bottle,0.52017045,262.9370117,143.5296631,302.1853027,257.1151123
233,bottle,0.434454918,160.3010101,0,351.0075073,496.1281433
234,bottle,0.292580128,349.4625854,84.0151825,677.1919556,931.6661377
235,bottle,0.428630322,456.905365,198.558548,682.0927124,743.7035522
236,bottle,0.335329711,178.5396271,239.6474152,373.3936462,718.3513184
237,bottle,0.3028346,345.2132568,27.17107582,849.6273193,1115.98938
238,bottle,0.332960725,320.581604,224.7954407,637.5280151,1200.781372
239,bottle,0.442316711,627.0699463,268.4395752,945.9523926,1198.739502
240,bottle,0.3028346,345.2132568,27.17107582,849.6273193,1115.98938
241,bottle,0.434454918,160.3010101,0,351.0075073,496.1281433
242,bottle,0.703980327,103.4815903,86.27658844,219.1255798,282.1932983
243,bottle,0.642986774,236.6076508,132.2687988,274.6091003,263.3865051
244,bottle,0.582703531,208.6923218,117.7387924,249.5692139,273.3894043
245,bottle,0.52017045,262.9370117,143.5296631,302.1853027,257.1151123
246,bottle,0.332960725,320.581604,224.7954407,637.5280151,1200.781372
247,bottle,0.442316711,627.0699463,268.4395752,945.9523926,1198.739502
248,bottle,0.501195967,657.1534424,313.0819702,952.0588379,1231.496094
249,bottle,0.355326921,446.1914063,312.0218506,628.322998,1193.137085
250,bottle,0.428630322,456.905365,198.558548,682.0927124,743.7035522
251,bottle,0.335329711,178.5396271,239.6474152,373.3936462,718.3513184
252,bottle,0.292580128,349.4625854,84.0151825,677.1919556,931.6661377
253,bowl,0.394037098,554.8015137,1093.960693,708.7999268,1203.80542
254,bowl,0.267323732,701.958374,1096.478882,872.8864746,1209.652222
255,bowl,0.438768655,481.0660095,1098.838623,766.0102539,1212.199463
256,bowl,0.394037098,554.8015137,1093.960693,708.7999268,1203.80542
257,bowl,0.267323732,701.958374,1096.478882,872.8864746,1209.652222
258,bowl,0.438768655,481.0660095,1098.838623,766.0102539,1212.199463
259,bowl,0.394037098,554.8015137,1093.960693,708.7999268,1203.80542
260,bowl,0.267323732,701.958374,1096.478882,872.8864746,1209.652222
261,bowl,0.438768655,481.0660095,1098.838623,766.0102539,1212.199463
262,bowl,0.758213699,140.742157,185.9703064,275.1917725,299.8476868
263,bowl,0.394037098,554.8015137,1093.960693,708.7999268,1203.80542
264,bowl,0.267323732,701.958374,1096.478882,872.8864746,1209.652222
265,bowl,0.438768655,481.0660095,1098.838623,766.0102539,1212.199463
266,bowl,0.758213699,140.742157,185.9703064,275.1917725,299.8476868
267,bowl,0.394037098,554.8015137,1093.960693,708.7999268,1203.80542
268,bowl,0.267323732,701.958374,1096.478882,872.8864746,1209.652222
269,bowl,0.438768655,481.0660095,1098.838623,766.0102539,1212.199463
270,bowl,0.758213699,140.742157,185.9703064,275.1917725,299.8476868
271,bowl,0.394037098,554.8015137,1093.960693,708.7999268,1203.80542
272,bowl,0.267323732,701.958374,1096.478882,872.8864746,1209.652222
273,bowl,0.438768655,481.0660095,1098.838623,766.0102539,1212.199463
274,bowl,0.758213699,140.742157,185.9703064,275.1917725,299.8476868
275,bowl,0.758213699,140.742157,185.9703064,275.1917725,299.8476868
276,bowl,0.758213699,140.742157,185.9703064,275.1917725,299.8476868
277,bowl,0.758213699,140.742157,185.9703064,275.1917725,299.8476868
278,bowl,0.758213699,140.742157,185.9703064,275.1917725,299.8476868
279,bowl,0.758213699,140.742157,185.9703064,275.1917725,299.8476868
280,bowl,0.758213699,140.742157,185.9703064,275.1917725,299.8476868
281,bowl,0.758213699,140.742157,185.9703064,275.1917725,299.8476868
282,bowl,0.758213699,140.742157,185.9703064,275.1917725,299.8476868
283,bowl,0.758213699,140.742157,185.9703064,275.1917725,299.8476868
284,bowl,0.758213699,140.742157,185.9703064,275.1917725,299.8476868
285,bowl,0.758213699,140.742157,185.9703064,275.1917725,299.8476868
286,bowl,0.402801991,253.9548187,577.395752,773.6153564,992.0394897
287,bowl,0.674332857,143.3821411,512.3834839,663.4863281,971.22052
288,bowl,0.758213699,140.742157,185.9703064,275.1917725,299.8476868
289,bowl,0.402801991,253.9548187,577.395752,773.6153564,992.0394897
290,bowl,0.674332857,143.3821411,512.3834839,663.4863281,971.22052
291,bowl,0.402801991,253.9548187,577.395752,773.6153564,992.0394897
292,bowl,0.758213699,140.742157,185.9703064,275.1917725,299.8476868
293,bowl,0.402801991,253.9548187,577.395752,773.6153564,992.0394897
294,bowl,0.758213699,140.742157,185.9703064,275.1917725,299.8476868
295,bowl,0.758213699,140.742157,185.9703064,275.1917725,299.8476868
296,bowl,0.402801991,253.9548187,577.395752,773.6153564,992.0394897
297,bowl,0.674332857,143.3821411,512.3834839,663.4863281,971.22052
298,clock,0.653354049,297.035675,174.8525238,875.7167969,759.9526367
299,clock,0.653354049,297.035675,174.8525238,875.7167969,759.9526367
300,clock,0.653354049,297.035675,174.8525238,875.7167969,759.9526367
301,clock,0.653354049,297.035675,174.8525238,875.7167969,759.9526367
302,clock,0.653354049,297.035675,174.8525238,875.7167969,759.9526367
303,clock,0.653354049,297.035675,174.8525238,875.7167969,759.9526367
304,clock,0.653354049,297.035675,174.8525238,875.7167969,759.9526367
305,clock,0.653354049,297.035675,174.8525238,875.7167969,759.9526367
306,clock,0.653354049,297.035675,174.8525238,875.7167969,759.9526367
307,cup,0.646767795,71.77761078,245.8781586,149.4682922,308.4472046
308,cup,0.336664021,454.3903809,753.3791504,727.6985474,1064.120239
309,cup,0.646767795,71.77761078,245.8781586,149.4682922,308.4472046
310,cup,0.336664021,454.3903809,753.3791504,727.6985474,1064.120239
311,cup,0.646767795,71.77761078,245.8781586,149.4682922,308.4472046
312,cup,0.646767795,71.77761078,245.8781586,149.4682922,308.4472046
313,cup,0.336664021,454.3903809,753.3791504,727.6985474,1064.120239
314,cup,0.394987196,214.9675598,618.2280273,499.8884277,1053.439209
315,cup,0.314780325,5.207767487,249.3100739,301.1340027,793.9379272
316,cup,0.789148748,360.2459717,782.2160645,641.8969116,1073.364258
317,cup,0.279941112,297.3465576,130.1608887,971.8707275,1168.945801
318,cup,0.314780325,5.207767487,249.3100739,301.1340027,793.9379272
319,cup,0.789148748,360.2459717,782.2160645,641.8969116,1073.364258
320,cup,0.279941112,297.3465576,130.1608887,971.8707275,1168.945801
321,cup,0.646767795,71.77761078,245.8781586,149.4682922,308.4472046
322,cup,0.789148748,360.2459717,782.2160645,641.8969116,1073.364258
323,cup,0.336664021,454.3903809,753.3791504,727.6985474,1064.120239
324,cup,0.646767795,71.77761078,245.8781586,149.4682922,308.4472046
325,cup,0.314780325,5.207767487,249.3100739,301.1340027,793.9379272
326,cup,0.789148748,360.2459717,782.2160645,641.8969116,1073.364258
327,cup,0.646767795,71.77761078,245.8781586,149.4682922,308.4472046
328,cup,0.646767795,71.77761078,245.8781586,149.4682922,308.4472046
329,cup,0.789148748,360.2459717,782.2160645,641.8969116,1073.364258
330,cup,0.646767795,71.77761078,245.8781586,149.4682922,308.4472046
331,cup,0.646767795,71.77761078,245.8781586,149.4682922,308.4472046
332,cup,0.646767795,71.77761078,245.8781586,149.4682922,308.4472046
333,cup,0.789148748,360.2459717,782.2160645,641.8969116,1073.364258
334,cup,0.789148748,360.2459717,782.2160645,641.8969116,1073.364258
335,cup,0.789148748,360.2459717,782.2160645,641.8969116,1073.364258
336,cup,0.646767795,71.77761078,245.8781586,149.4682922,308.4472046
337,cup,0.314780325,5.207767487,249.3100739,301.1340027,793.9379272
338,cup,0.336664021,454.3903809,753.3791504,727.6985474,1064.120239
339,cup,0.646767795,71.77761078,245.8781586,149.4682922,308.4472046
340,cup,0.279941112,297.3465576,130.1608887,971.8707275,1168.945801
341,cup,0.646767795,71.77761078,245.8781586,149.4682922,308.4472046
342,cup,0.279941112,297.3465576,130.1608887,971.8707275,1168.945801
343,cup,0.646767795,71.77761078,245.8781586,149.4682922,308.4472046
344,cup,0.646767795,71.77761078,245.8781586,149.4682922,308.4472046
345,cup,0.646767795,71.77761078,245.8781586,149.4682922,308.4472046
346,cup,0.646767795,71.77761078,245.8781586,149.4682922,308.4472046
347,cup,0.314780325,5.207767487,249.3100739,301.1340027,793.9379272
348,cup,0.279941112,297.3465576,130.1608887,971.8707275,1168.945801
349,cup,0.789148748,360.2459717,782.2160645,641.8969116,1073.364258
350,cup,0.646767795,71.77761078,245.8781586,149.4682922,308.4472046
351,cup,0.336664021,454.3903809,753.3791504,727.6985474,1064.120239
352,cup,0.314780325,5.207767487,249.3100739,301.1340027,793.9379272
353,cup,0.789148748,360.2459717,782.2160645,641.8969116,1073.364258
354,cup,0.789148748,360.2459717,782.2160645,641.8969116,1073.364258
355,cup,0.314780325,5.207767487,249.3100739,301.1340027,793.9379272
356,cup,0.279941112,297.3465576,130.1608887,971.8707275,1168.945801
357,cup,0.646767795,71.77761078,245.8781586,149.4682922,308.4472046
358,donut,0.39034912,404.631073,923.9744263,492.1007996,1016.315857
359,donut,0.312811822,616.0308228,964.3838501,712.6167603,1078.172852
360,donut,0.39034912,404.631073,923.9744263,492.1007996,1016.315857
361,donut,0.312811822,616.0308228,964.3838501,712.6167603,1078.172852
362,donut,0.39034912,404.631073,923.9744263,492.1007996,1016.315857
363,donut,0.312811822,616.0308228,964.3838501,712.6167603,1078.172852
364,donut,0.268656254,504.5341187,675.7697144,586.381958,745.4719849
365,donut,0.39034912,404.631073,923.9744263,492.1007996,1016.315857
366,donut,0.312811822,616.0308228,964.3838501,712.6167603,1078.172852
367,donut,0.268656254,504.5341187,675.7697144,586.381958,745.4719849
368,donut,0.39034912,404.631073,923.9744263,492.1007996,1016.315857
369,donut,0.312811822,616.0308228,964.3838501,712.6167603,1078.172852
370,donut,0.268656254,504.5341187,675.7697144,586.381958,745.4719849
371,donut,0.39034912,404.631073,923.9744263,492.1007996,1016.315857
372,donut,0.312811822,616.0308228,964.3838501,712.6167603,1078.172852
373,donut,0.268656254,504.5341187,675.7697144,586.381958,745.4719849
374,donut,0.39034912,404.631073,923.9744263,492.1007996,1016.315857
375,donut,0.312811822,616.0308228,964.3838501,712.6167603,1078.172852
376,donut,0.268656254,504.5341187,675.7697144,586.381958,745.4719849
377,donut,0.39034912,404.631073,923.9744263,492.1007996,1016.315857
378,donut,0.312811822,616.0308228,964.3838501,712.6167603,1078.172852
379,donut,0.268656254,504.5341187,675.7697144,586.381958,745.4719849
380,donut,0.39034912,404.631073,923.9744263,492.1007996,1016.315857
381,donut,0.312811822,616.0308228,964.3838501,712.6167603,1078.172852
382,donut,0.268656254,504.5341187,675.7697144,586.381958,745.4719849
383,fork,0.258615583,755.2907104,796.0801392,999.2449341,1011.520691
384,fork,0.258615583,755.2907104,796.0801392,999.2449341,1011.520691
385,fork,0.258615583,755.2907104,796.0801392,999.2449341,1011.520691
386,fork,0.258615583,755.2907104,796.0801392,999.2449341,1011.520691
387,fork,0.258615583,755.2907104,796.0801392,999.2449341,1011.520691
388,fork,0.258615583,755.2907104,796.0801392,999.2449341,1011.520691
389,fork,0.258615583,755.2907104,796.0801392,999.2449341,1011.520691
390,fork,0.258615583,755.2907104,796.0801392,999.2449341,1011.520691
391,fork,0.258615583,755.2907104,796.0801392,999.2449341,1011.520691
392,knife,0.419900715,530.6641235,818.453064,946.6965942,1087.866943
393,knife,0.419900715,530.6641235,818.453064,946.6965942,1087.866943
394,knife,0.419900715,530.6641235,818.453064,946.6965942,1087.866943
395,knife,0.419900715,530.6641235,818.453064,946.6965942,1087.866943
396,knife,0.419900715,530.6641235,818.453064,946.6965942,1087.866943
397,knife,0.419900715,530.6641235,818.453064,946.6965942,1087.866943
398,knife,0.419900715,530.6641235,818.453064,946.6965942,1087.866943
399,knife,0.419900715,530.6641235,818.453064,946.6965942,1087.866943
400,knife,0.419900715,530.6641235,818.453064,946.6965942,1087.866943
401,knife,0.419900715,530.6641235,818.453064,946.6965942,1087.866943
402,microwave,0.257323653,322.3821106,95.40423584,696.5062256,242.4270477
403,microwave,0.257323653,322.3821106,95.40423584,696.5062256,242.4270477
404,microwave,0.257323653,322.3821106,95.40423584,696.5062256,242.4270477
405,microwave,0.257323653,322.3821106,95.40423584,696.5062256,242.4270477
406,orange,0.377691448,708.8164063,438.4989624,836.3057861,518.2467041
407,orange,0.377174735,288.8804321,315.7072449,462.0196838,399.2537231
408,orange,0.338240027,163.5171204,337.1051331,335.8289795,406.6592102
409,orange,0.255886614,806.2145996,404.1974792,983.9610596,505.0698547
410,orange,0.377691448,708.8164063,438.4989624,836.3057861,518.2467041
411,orange,0.377174735,288.8804321,315.7072449,462.0196838,399.2537231
412,orange,0.338240027,163.5171204,337.1051331,335.8289795,406.6592102
413,orange,0.255886614,806.2145996,404.1974792,983.9610596,505.0698547
414,orange,0.377691448,708.8164063,438.4989624,836.3057861,518.2467041
415,orange,0.377174735,288.8804321,315.7072449,462.0196838,399.2537231
416,orange,0.338240027,163.5171204,337.1051331,335.8289795,406.6592102
417,orange,0.255886614,806.2145996,404.1974792,983.9610596,505.0698547
418,orange,0.65106678,139.8972626,684.3833618,274.7185669,804.1173706
419,orange,0.54596144,462.3945007,858.9532471,607.9035645,987.8439941
420,orange,0.508990526,862.9049072,685.5618286,956.8356934,800.8842163
421,orange,0.388854355,386.9919434,777.6622925,456.4537354,931.2410278
422,orange,0.352960378,322.453949,679.3948975,387.9994812,797.8972168
423,orange,0.296466619,68.92300415,595.9584961,132.8522034,758.4953613
424,orange,0.377691448,708.8164063,438.4989624,836.3057861,518.2467041
425,orange,0.377174735,288.8804321,315.7072449,462.0196838,399.2537231
426,orange,0.338240027,163.5171204,337.1051331,335.8289795,406.6592102
427,orange,0.255886614,806.2145996,404.1974792,983.9610596,505.0698547
428,orange,0.377691448,708.8164063,438.4989624,836.3057861,518.2467041
429,orange,0.377174735,288.8804321,315.7072449,462.0196838,399.2537231
430,orange,0.338240027,163.5171204,337.1051331,335.8289795,406.6592102
431,orange,0.255886614,806.2145996,404.1974792,983.9610596,505.0698547
432,orange,0.480667174,747.975708,1113.962646,865.1151123,1240.86792
433,orange,0.263130128,812.010498,281.3251343,911.4680176,373.8788452
434,orange,0.377691448,708.8164063,438.4989624,836.3057861,518.2467041
435,orange,0.377174735,288.8804321,315.7072449,462.0196838,399.2537231
436,orange,0.338240027,163.5171204,337.1051331,335.8289795,406.6592102
437,orange,0.255886614,806.2145996,404.1974792,983.9610596,505.0698547
438,orange,0.377691448,708.8164063,438.4989624,836.3057861,518.2467041
439,orange,0.377174735,288.8804321,315.7072449,462.0196838,399.2537231
440,orange,0.338240027,163.5171204,337.1051331,335.8289795,406.6592102
441,orange,0.255886614,806.2145996,404.1974792,983.9610596,505.0698547
442,orange,0.65106678,139.8972626,684.3833618,274.7185669,804.1173706
443,orange,0.54596144,462.3945007,858.9532471,607.9035645,987.8439941
444,orange,0.508990526,862.9049072,685.5618286,956.8356934,800.8842163
445,orange,0.388854355,386.9919434,777.6622925,456.4537354,931.2410278
446,orange,0.352960378,322.453949,679.3948975,387.9994812,797.8972168
447,orange,0.296466619,68.92300415,595.9584961,132.8522034,758.4953613
448,orange,0.377691448,708.8164063,438.4989624,836.3057861,518.2467041
449,orange,0.377174735,288.8804321,315.7072449,462.0196838,399.2537231
450,orange,0.338240027,163.5171204,337.1051331,335.8289795,406.6592102
451,orange,0.255886614,806.2145996,404.1974792,983.9610596,505.0698547
452,orange,0.377691448,708.8164063,438.4989624,836.3057861,518.2467041
453,orange,0.377174735,288.8804321,315.7072449,462.0196838,399.2537231
454,orange,0.338240027,163.5171204,337.1051331,335.8289795,406.6592102
455,orange,0.255886614,806.2145996,404.1974792,983.9610596,505.0698547
456,orange,0.377691448,708.8164063,438.4989624,836.3057861,518.2467041
457,orange,0.377174735,288.8804321,315.7072449,462.0196838,399.2537231
458,orange,0.338240027,163.5171204,337.1051331,335.8289795,406.6592102
459,orange,0.255886614,806.2145996,404.1974792,983.9610596,505.0698547
460,orange,0.65106678,139.8972626,684.3833618,274.7185669,804.1173706
461,orange,0.54596144,462.3945007,858.9532471,607.9035645,987.8439941
462,orange,0.508990526,862.9049072,685.5618286,956.8356934,800.8842163
463,orange,0.388854355,386.9919434,777.6622925,456.4537354,931.2410278
464,orange,0.352960378,322.453949,679.3948975,387.9994812,797.8972168
465,orange,0.296466619,68.92300415,595.9584961,132.8522034,758.4953613
466,orange,0.377691448,708.8164063,438.4989624,836.3057861,518.2467041
467,orange,0.377174735,288.8804321,315.7072449,462.0196838,399.2537231
468,orange,0.338240027,163.5171204,337.1051331,335.8289795,406.6592102
469,orange,0.255886614,806.2145996,404.1974792,983.9610596,505.0698547
470,orange,0.377691448,708.8164063,438.4989624,836.3057861,518.2467041
471,orange,0.377174735,288.8804321,315.7072449,462.0196838,399.2537231
472,orange,0.338240027,163.5171204,337.1051331,335.8289795,406.6592102
473,orange,0.255886614,806.2145996,404.1974792,983.9610596,505.0698547
474,orange,0.377691448,708.8164063,438.4989624,836.3057861,518.2467041
475,orange,0.377174735,288.8804321,315.7072449,462.0196838,399.2537231
476,orange,0.338240027,163.5171204,337.1051331,335.8289795,406.6592102
477,orange,0.255886614,806.2145996,404.1974792,983.9610596,505.0698547
478,orange,0.65106678,139.8972626,684.3833618,274.7185669,804.1173706
479,orange,0.54596144,462.3945007,858.9532471,607.9035645,987.8439941
480,orange,0.508990526,862.9049072,685.5618286,956.8356934,800.8842163
481,orange,0.388854355,386.9919434,777.6622925,456.4537354,931.2410278
482,orange,0.352960378,322.453949,679.3948975,387.9994812,797.8972168
483,orange,0.296466619,68.92300415,595.9584961,132.8522034,758.4953613
484,orange,0.377691448,708.8164063,438.4989624,836.3057861,518.2467041
485,orange,0.377174735,288.8804321,315.7072449,462.0196838,399.2537231
486,orange,0.338240027,163.5171204,337.1051331,335.8289795,406.6592102
487,orange,0.255886614,806.2145996,404.1974792,983.9610596,505.0698547
488,orange,0.377691448,708.8164063,438.4989624,836.3057861,518.2467041
489,orange,0.377174735,288.8804321,315.7072449,462.0196838,399.2537231
490,orange,0.338240027,163.5171204,337.1051331,335.8289795,406.6592102
491,orange,0.255886614,806.2145996,404.1974792,983.9610596,505.0698547
492,orange,0.377691448,708.8164063,438.4989624,836.3057861,518.2467041
493,orange,0.377174735,288.8804321,315.7072449,462.0196838,399.2537231
494,orange,0.338240027,163.5171204,337.1051331,335.8289795,406.6592102
495,orange,0.255886614,806.2145996,404.1974792,983.9610596,505.0698547
496,orange,0.377691448,708.8164063,438.4989624,836.3057861,518.2467041
497,orange,0.377174735,288.8804321,315.7072449,462.0196838,399.2537231
498,orange,0.338240027,163.5171204,337.1051331,335.8289795,406.6592102
499,orange,0.255886614,806.2145996,404.1974792,983.9610596,505.0698547
500,orange,0.679596841,31.73382378,222.9623413,72.01974487,262.075531
501,orange,0.580408216,68.95404816,226.4130554,118.6103058,275.608551
502,orange,0.65106678,139.8972626,684.3833618,274.7185669,804.1173706
503,orange,0.54596144,462.3945007,858.9532471,607.9035645,987.8439941
504,orange,0.508990526,862.9049072,685.5618286,956.8356934,800.8842163
505,orange,0.388854355,386.9919434,777.6622925,456.4537354,931.2410278
506,orange,0.352960378,322.453949,679.3948975,387.9994812,797.8972168
507,orange,0.296466619,68.92300415,595.9584961,132.8522034,758.4953613
508,orange,0.377691448,708.8164063,438.4989624,836.3057861,518.2467041
509,orange,0.377174735,288.8804321,315.7072449,462.0196838,399.2537231
510,orange,0.338240027,163.5171204,337.1051331,335.8289795,406.6592102
511,orange,0.255886614,806.2145996,404.1974792,983.9610596,505.0698547
512,orange,0.377691448,708.8164063,438.4989624,836.3057861,518.2467041
513,orange,0.377174735,288.8804321,315.7072449,462.0196838,399.2537231
514,orange,0.338240027,163.5171204,337.1051331,335.8289795,406.6592102
515,orange,0.255886614,806.2145996,404.1974792,983.9610596,505.0698547
516,orange,0.377691448,708.8164063,438.4989624,836.3057861,518.2467041
517,orange,0.377174735,288.8804321,315.7072449,462.0196838,399.2537231
518,orange,0.338240027,163.5171204,337.1051331,335.8289795,406.6592102
519,orange,0.255886614,806.2145996,404.1974792,983.9610596,505.0698547
520,orange,0.377691448,708.8164063,438.4989624,836.3057861,518.2467041
521,orange,0.377174735,288.8804321,315.7072449,462.0196838,399.2537231
522,orange,0.338240027,163.5171204,337.1051331,335.8289795,406.6592102
523,orange,0.255886614,806.2145996,404.1974792,983.9610596,505.0698547
524,parking meter,0.42019698,296.7511292,132.006073,968.4051514,1143.936646
525,parking meter,0.42019698,296.7511292,132.006073,968.4051514,1143.936646
526,parking meter,0.42019698,296.7511292,132.006073,968.4051514,1143.936646
527,parking meter,0.42019698,296.7511292,132.006073,968.4051514,1143.936646
528,parking meter,0.42019698,296.7511292,132.006073,968.4051514,1143.936646
529,parking meter,0.42019698,296.7511292,132.006073,968.4051514,1143.936646
530,person,0.892510653,432.2498169,421.7284546,764.4230347,903.5563354
531,person,0.330362648,591.487793,481.1165161,765.7171631,928.6651611
532,person,0.837816656,239.7102356,600.8671875,376.7432861,748.3575439
533,person,0.78302902,350.3947449,557.0367432,450.9752502,739.5117798
534,person,0.647012711,600.7886353,674.3300781,675.9204712,815.2403564
535,person,0.58527267,429.7271118,549.2469482,537.6968384,852.2767334
536,person,0.580514252,558.6705322,704.5656738,631.7745361,838.0422974
537,person,0.397496313,545.09198,674.1668701,583.3484497,789.6765137
538,person,0.301428556,543.7414551,681.1820679,603.9885254,830.8422852
539,person,0.854438305,386.6291504,569.1506958,798.9672241,1072.49353
540,person,0.526795089,71.35134125,271.467804,201.0041046,451.9162903
541,person,0.271554798,70.58290863,270.8188782,133.5166473,421.8798828
542,person,0.892510653,432.2498169,421.7284546,764.4230347,903.5563354
543,person,0.921501517,575.8471069,504.953125,964.1542969,1096.099609
544,person,0.732968807,297.1637878,162.58078,376.3146667,366.8627319
545,person,0.330362648,591.487793,481.1165161,765.7171631,928.6651611
546,person,0.542075038,316.4878235,259.2277222,515.913269,582.3380127
547,person,0.837816656,239.7102356,600.8671875,376.7432861,748.3575439
548,person,0.78302902,350.3947449,557.0367432,450.9752502,739.5117798
549,person,0.647012711,600.7886353,674.3300781,675.9204712,815.2403564
550,person,0.58527267,429.7271118,549.2469482,537.6968384,852.2767334
551,person,0.580514252,558.6705322,704.5656738,631.7745361,838.0422974
552,person,0.397496313,545.09198,674.1668701,583.3484497,789.6765137
553,person,0.301428556,543.7414551,681.1820679,603.9885254,830.8422852
554,person,0.854438305,386.6291504,569.1506958,798.9672241,1072.49353
555,person,0.526795089,71.35134125,271.467804,201.0041046,451.9162903
556,person,0.271554798,70.58290863,270.8188782,133.5166473,421.8798828
557,person,0.892510653,432.2498169,421.7284546,764.4230347,903.5563354
558,person,0.854438305,386.6291504,569.1506958,798.9672241,1072.49353
559,person,0.526795089,71.35134125,271.467804,201.0041046,451.9162903
560,person,0.271554798,70.58290863,270.8188782,133.5166473,421.8798828
561,person,0.861931801,649.8813477,564.3292236,956.756958,946.7940674
562,person,0.921501517,575.8471069,504.953125,964.1542969,1096.099609
563,person,0.732968807,297.1637878,162.58078,376.3146667,366.8627319
564,person,0.330362648,591.487793,481.1165161,765.7171631,928.6651611
565,person,0.542075038,316.4878235,259.2277222,515.913269,582.3380127
566,person,0.837816656,239.7102356,600.8671875,376.7432861,748.3575439
567,person,0.78302902,350.3947449,557.0367432,450.9752502,739.5117798
568,person,0.647012711,600.7886353,674.3300781,675.9204712,815.2403564
569,person,0.58527267,429.7271118,549.2469482,537.6968384,852.2767334
570,person,0.580514252,558.6705322,704.5656738,631.7745361,838.0422974
571,person,0.397496313,545.09198,674.1668701,583.3484497,789.6765137
572,person,0.301428556,543.7414551,681.1820679,603.9885254,830.8422852
573,person,0.542075038,316.4878235,259.2277222,515.913269,582.3380127
574,person,0.330362648,591.487793,481.1165161,765.7171631,928.6651611
575,person,0.542075038,316.4878235,259.2277222,515.913269,582.3380127
576,person,0.892510653,432.2498169,421.7284546,764.4230347,903.5563354
577,person,0.559678197,549.626709,472.2734985,792.1262207,861.8256836
578,person,0.912345648,342.7257385,316.6112671,558.0270996,687.1159058
579,person,0.914683878,296.6271973,290.9304199,506.3268738,582.1587524
580,person,0.719199121,313.4726868,261.1542664,443.2005005,505.2642822
581,person,0.449395537,400.2727661,342.5509338,469.2942505,406.8400879
582,person,0.921501517,575.8471069,504.953125,964.1542969,1096.099609
583,person,0.732968807,297.1637878,162.58078,376.3146667,366.8627319
584,person,0.854438305,386.6291504,569.1506958,798.9672241,1072.49353
585,person,0.526795089,71.35134125,271.467804,201.0041046,451.9162903
586,person,0.271554798,70.58290863,270.8188782,133.5166473,421.8798828
587,person,0.892510653,432.2498169,421.7284546,764.4230347,903.5563354
588,person,0.330362648,591.487793,481.1165161,765.7171631,928.6651611
589,person,0.837816656,239.7102356,600.8671875,376.7432861,748.3575439
590,person,0.78302902,350.3947449,557.0367432,450.9752502,739.5117798
591,person,0.647012711,600.7886353,674.3300781,675.9204712,815.2403564
592,person,0.58527267,429.7271118,549.2469482,537.6968384,852.2767334
593,person,0.580514252,558.6705322,704.5656738,631.7745361,838.0422974
594,person,0.397496313,545.09198,674.1668701,583.3484497,789.6765137
595,person,0.301428556,543.7414551,681.1820679,603.9885254,830.8422852
596,person,0.542075038,316.4878235,259.2277222,515.913269,582.3380127
597,person,0.892510653,432.2498169,421.7284546,764.4230347,903.5563354
598,person,0.330362648,591.487793,481.1165161,765.7171631,928.6651611
599,person,0.837816656,239.7102356,600.8671875,376.7432861,748.3575439
600,person,0.78302902,350.3947449,557.0367432,450.9752502,739.5117798
601,person,0.647012711,600.7886353,674.3300781,675.9204712,815.2403564
602,person,0.58527267,429.7271118,549.2469482,537.6968384,852.2767334
603,person,0.580514252,558.6705322,704.5656738,631.7745361,838.0422974
604,person,0.397496313,545.09198,674.1668701,583.3484497,789.6765137
605,person,0.301428556,543.7414551,681.1820679,603.9885254,830.8422852
606,person,0.542075038,316.4878235,259.2277222,515.913269,582.3380127
607,person,0.854438305,386.6291504,569.1506958,798.9672241,1072.49353
608,person,0.526795089,71.35134125,271.467804,201.0041046,451.9162903
609,person,0.271554798,70.58290863,270.8188782,133.5166473,421.8798828
610,person,0.892510653,432.2498169,421.7284546,764.4230347,903.5563354
611,person,0.330362648,591.487793,481.1165161,765.7171631,928.6651611
612,person,0.837816656,239.7102356,600.8671875,376.7432861,748.3575439
613,person,0.78302902,350.3947449,557.0367432,450.9752502,739.5117798
614,person,0.647012711,600.7886353,674.3300781,675.9204712,815.2403564
615,person,0.58527267,429.7271118,549.2469482,537.6968384,852.2767334
616,person,0.580514252,558.6705322,704.5656738,631.7745361,838.0422974
617,person,0.397496313,545.09198,674.1668701,583.3484497,789.6765137
618,person,0.301428556,543.7414551,681.1820679,603.9885254,830.8422852
619,person,0.542075038,316.4878235,259.2277222,515.913269,582.3380127
620,person,0.854438305,386.6291504,569.1506958,798.9672241,1072.49353
621,person,0.526795089,71.35134125,271.467804,201.0041046,451.9162903
622,person,0.271554798,70.58290863,270.8188782,133.5166473,421.8798828
623,person,0.861931801,649.8813477,564.3292236,956.756958,946.7940674
624,person,0.921501517,575.8471069,504.953125,964.1542969,1096.099609
625,person,0.732968807,297.1637878,162.58078,376.3146667,366.8627319
626,person,0.542075038,316.4878235,259.2277222,515.913269,582.3380127
627,person,0.854438305,386.6291504,569.1506958,798.9672241,1072.49353
628,person,0.526795089,71.35134125,271.467804,201.0041046,451.9162903
629,person,0.271554798,70.58290863,270.8188782,133.5166473,421.8798828
630,person,0.892510653,432.2498169,421.7284546,764.4230347,903.5563354
631,person,0.330362648,591.487793,481.1165161,765.7171631,928.6651611
632,person,0.837816656,239.7102356,600.8671875,376.7432861,748.3575439
633,person,0.78302902,350.3947449,557.0367432,450.9752502,739.5117798
634,person,0.647012711,600.7886353,674.3300781,675.9204712,815.2403564
635,person,0.58527267,429.7271118,549.2469482,537.6968384,852.2767334
636,person,0.580514252,558.6705322,704.5656738,631.7745361,838.0422974
637,person,0.397496313,545.09198,674.1668701,583.3484497,789.6765137
638,person,0.301428556,543.7414551,681.1820679,603.9885254,830.8422852
639,person,0.892510653,432.2498169,421.7284546,764.4230347,903.5563354
640,person,0.330362648,591.487793,481.1165161,765.7171631,928.6651611
641,person,0.542075038,316.4878235,259.2277222,515.913269,582.3380127
642,person,0.854438305,386.6291504,569.1506958,798.9672241,1072.49353
643,person,0.892510653,432.2498169,421.7284546,764.4230347,903.5563354
644,person,0.559678197,549.626709,472.2734985,792.1262207,861.8256836
645,person,0.912345648,342.7257385,316.6112671,558.0270996,687.1159058
646,person,0.914683878,296.6271973,290.9304199,506.3268738,582.1587524
647,person,0.719199121,313.4726868,261.1542664,443.2005005,505.2642822
648,person,0.449395537,400.2727661,342.5509338,469.2942505,406.8400879
649,person,0.854438305,386.6291504,569.1506958,798.9672241,1072.49353
650,person,0.892510653,432.2498169,421.7284546,764.4230347,903.5563354
651,person,0.330362648,591.487793,481.1165161,765.7171631,928.6651611
652,person,0.837816656,239.7102356,600.8671875,376.7432861,748.3575439
653,person,0.78302902,350.3947449,557.0367432,450.9752502,739.5117798
654,person,0.647012711,600.7886353,674.3300781,675.9204712,815.2403564
655,person,0.58527267,429.7271118,549.2469482,537.6968384,852.2767334
656,person,0.580514252,558.6705322,704.5656738,631.7745361,838.0422974
657,person,0.397496313,545.09198,674.1668701,583.3484497,789.6765137
658,person,0.301428556,543.7414551,681.1820679,603.9885254,830.8422852
659,person,0.526795089,71.35134125,271.467804,201.0041046,451.9162903
660,person,0.271554798,70.58290863,270.8188782,133.5166473,421.8798828
661,person,0.526795089,71.35134125,271.467804,201.0041046,451.9162903
662,person,0.271554798,70.58290863,270.8188782,133.5166473,421.8798828
663,person,0.892510653,432.2498169,421.7284546,764.4230347,903.5563354
664,person,0.854438305,386.6291504,569.1506958,798.9672241,1072.49353
665,person,0.542075038,316.4878235,259.2277222,515.913269,582.3380127
666,person,0.861931801,649.8813477,564.3292236,956.756958,946.7940674
667,person,0.526795089,71.35134125,271.467804,201.0041046,451.9162903
668,person,0.271554798,70.58290863,270.8188782,133.5166473,421.8798828
669,person,0.854438305,386.6291504,569.1506958,798.9672241,1072.49353
670,person,0.892510653,432.2498169,421.7284546,764.4230347,903.5563354
671,person,0.526795089,71.35134125,271.467804,201.0041046,451.9162903
672,person,0.271554798,70.58290863,270.8188782,133.5166473,421.8798828
673,person,0.854438305,386.6291504,569.1506958,798.9672241,1072.49353
674,person,0.542075038,316.4878235,259.2277222,515.913269,582.3380127
675,person,0.526795089,71.35134125,271.467804,201.0041046,451.9162903
676,person,0.271554798,70.58290863,270.8188782,133.5166473,421.8798828
677,person,0.854438305,386.6291504,569.1506958,798.9672241,1072.49353
678,person,0.542075038,316.4878235,259.2277222,515.913269,582.3380127
679,person,0.837816656,239.7102356,600.8671875,376.7432861,748.3575439
680,person,0.78302902,350.3947449,557.0367432,450.9752502,739.5117798
681,person,0.647012711,600.7886353,674.3300781,675.9204712,815.2403564
682,person,0.58527267,429.7271118,549.2469482,537.6968384,852.2767334
683,person,0.580514252,558.6705322,704.5656738,631.7745361,838.0422974
684,person,0.397496313,545.09198,674.1668701,583.3484497,789.6765137
685,person,0.301428556,543.7414551,681.1820679,603.9885254,830.8422852
686,person,0.542075038,316.4878235,259.2277222,515.913269,582.3380127
687,person,0.526795089,71.35134125,271.467804,201.0041046,451.9162903
688,person,0.271554798,70.58290863,270.8188782,133.5166473,421.8798828
689,person,0.854438305,386.6291504,569.1506958,798.9672241,1072.49353
690,person,0.542075038,316.4878235,259.2277222,515.913269,582.3380127
691,person,0.526795089,71.35134125,271.467804,201.0041046,451.9162903
692,person,0.271554798,70.58290863,270.8188782,133.5166473,421.8798828
693,person,0.854438305,386.6291504,569.1506958,798.9672241,1072.49353
694,person,0.526795089,71.35134125,271.467804,201.0041046,451.9162903
695,person,0.271554798,70.58290863,270.8188782,133.5166473,421.8798828
696,person,0.854438305,386.6291504,569.1506958,798.9672241,1072.49353
697,person,0.542075038,316.4878235,259.2277222,515.913269,582.3380127
698,person,0.837816656,239.7102356,600.8671875,376.7432861,748.3575439
699,person,0.78302902,350.3947449,557.0367432,450.9752502,739.5117798
700,person,0.647012711,600.7886353,674.3300781,675.9204712,815.2403564
701,person,0.58527267,429.7271118,549.2469482,537.6968384,852.2767334
702,person,0.580514252,558.6705322,704.5656738,631.7745361,838.0422974
703,person,0.397496313,545.09198,674.1668701,583.3484497,789.6765137
704,person,0.301428556,543.7414551,681.1820679,603.9885254,830.8422852
705,person,0.892510653,432.2498169,421.7284546,764.4230347,903.5563354
706,person,0.330362648,591.487793,481.1165161,765.7171631,928.6651611
707,person,0.542075038,316.4878235,259.2277222,515.913269,582.3380127
708,person,0.526795089,71.35134125,271.467804,201.0041046,451.9162903
709,person,0.271554798,70.58290863,270.8188782,133.5166473,421.8798828
710,person,0.854438305,386.6291504,569.1506958,798.9672241,1072.49353
711,person,0.347360492,299.2619019,28.59313583,712.9295654,520.661438
712,person,0.526795089,71.35134125,271.467804,201.0041046,451.9162903
713,person,0.271554798,70.58290863,270.8188782,133.5166473,421.8798828
714,person,0.854438305,386.6291504,569.1506958,798.9672241,1072.49353
715,person,0.837816656,239.7102356,600.8671875,376.7432861,748.3575439
716,person,0.78302902,350.3947449,557.0367432,450.9752502,739.5117798
717,person,0.647012711,600.7886353,674.3300781,675.9204712,815.2403564
718,person,0.58527267,429.7271118,549.2469482,537.6968384,852.2767334
719,person,0.580514252,558.6705322,704.5656738,631.7745361,838.0422974
720,person,0.397496313,545.09198,674.1668701,583.3484497,789.6765137
721,person,0.301428556,543.7414551,681.1820679,603.9885254,830.8422852
722,person,0.526795089,71.35134125,271.467804,201.0041046,451.9162903
723,person,0.271554798,70.58290863,270.8188782,133.5166473,421.8798828
724,person,0.854438305,386.6291504,569.1506958,798.9672241,1072.49353
725,person,0.892510653,432.2498169,421.7284546,764.4230347,903.5563354
726,person,0.542075038,316.4878235,259.2277222,515.913269,582.3380127
727,person,0.854438305,386.6291504,569.1506958,798.9672241,1072.49353
728,person,0.526795089,71.35134125,271.467804,201.0041046,451.9162903
729,person,0.271554798,70.58290863,270.8188782,133.5166473,421.8798828
730,person,0.347360492,299.2619019,28.59313583,712.9295654,520.661438
731,person,0.861931801,649.8813477,564.3292236,956.756958,946.7940674
732,person,0.330362648,591.487793,481.1165161,765.7171631,928.6651611
733,person,0.892510653,432.2498169,421.7284546,764.4230347,903.5563354
734,person,0.854438305,386.6291504,569.1506958,798.9672241,1072.49353
735,person,0.526795089,71.35134125,271.467804,201.0041046,451.9162903
736,person,0.271554798,70.58290863,270.8188782,133.5166473,421.8798828
737,person,0.347360492,299.2619019,28.59313583,712.9295654,520.661438
738,person,0.330362648,591.487793,481.1165161,765.7171631,928.6651611
739,person,0.892510653,432.2498169,421.7284546,764.4230347,903.5563354
740,person,0.854438305,386.6291504,569.1506958,798.9672241,1072.49353
741,person,0.526795089,71.35134125,271.467804,201.0041046,451.9162903
742,person,0.271554798,70.58290863,270.8188782,133.5166473,421.8798828
743,person,0.347360492,299.2619019,28.59313583,712.9295654,520.661438
744,person,0.542075038,316.4878235,259.2277222,515.913269,582.3380127
745,person,0.347360492,299.2619019,28.59313583,712.9295654,520.661438
746,person,0.330362648,591.487793,481.1165161,765.7171631,928.6651611
747,person,0.892510653,432.2498169,421.7284546,764.4230347,903.5563354
748,person,0.542075038,316.4878235,259.2277222,515.913269,582.3380127
749,refrigerator,0.328700006,31.58179855,45.38951111,380.2165527,733.3925781
750,refrigerator,0.328700006,31.58179855,45.38951111,380.2165527,733.3925781
751,refrigerator,0.328700006,31.58179855,45.38951111,380.2165527,733.3925781
752,refrigerator,0.328700006,31.58179855,45.38951111,380.2165527,733.3925781
753,refrigerator,0.328700006,31.58179855,45.38951111,380.2165527,733.3925781
754,refrigerator,0.328700006,31.58179855,45.38951111,380.2165527,733.3925781
755,refrigerator,0.328700006,31.58179855,45.38951111,380.2165527,733.3925781
756,refrigerator,0.328700006,31.58179855,45.38951111,380.2165527,733.3925781
757,sports ball,0.625586033,384.4100647,193.6244049,415.8763428,225.8630981
758,sports ball,0.625586033,384.4100647,193.6244049,415.8763428,225.8630981
759,sports ball,0.625586033,384.4100647,193.6244049,415.8763428,225.8630981
760,sports ball,0.625586033,384.4100647,193.6244049,415.8763428,225.8630981
761,sports ball,0.625586033,384.4100647,193.6244049,415.8763428,225.8630981
762,sports ball,0.625586033,384.4100647,193.6244049,415.8763428,225.8630981
763,stop sign,0.457503438,260.9438171,167.3207397,301.4446106,228.760498
764,stop sign,0.457503438,260.9438171,167.3207397,301.4446106,228.760498
765,stop sign,0.457503438,260.9438171,167.3207397,301.4446106,228.760498
766,stop sign,0.34884426,170.643158,138.4403381,876.0074463,1052
767,stop sign,0.457503438,260.9438171,167.3207397,301.4446106,228.760498
768,stop sign,0.457503438,260.9438171,167.3207397,301.4446106,228.760498
769,stop sign,0.457503438,260.9438171,167.3207397,301.4446106,228.760498
770,stop sign,0.457503438,260.9438171,167.3207397,301.4446106,228.760498
771,stop sign,0.457503438,260.9438171,167.3207397,301.4446106,228.760498
772,stop sign,0.457503438,260.9438171,167.3207397,301.4446106,228.760498
773,stop sign,0.457503438,260.9438171,167.3207397,301.4446106,228.760498
774,stop sign,0.457503438,260.9438171,167.3207397,301.4446106,228.760498
775,stop sign,0.457503438,260.9438171,167.3207397,301.4446106,228.760498
776,stop sign,0.457503438,260.9438171,167.3207397,301.4446106,228.760498
777,suitcase,0.274276346,73.66664886,110.2761002,107.5597916,268.1214294
778,suitcase,0.274276346,73.66664886,110.2761002,107.5597916,268.1214294
779,suitcase,0.274276346,73.66664886,110.2761002,107.5597916,268.1214294
780,suitcase,0.274276346,73.66664886,110.2761002,107.5597916,268.1214294
781,suitcase,0.274276346,73.66664886,110.2761002,107.5597916,268.1214294
782,suitcase,0.274276346,73.66664886,110.2761002,107.5597916,268.1214294
783,suitcase,0.274276346,73.66664886,110.2761002,107.5597916,268.1214294
784,suitcase,0.274276346,73.66664886,110.2761002,107.5597916,268.1214294
785,suitcase,0.274276346,73.66664886,110.2761002,107.5597916,268.1214294
786,suitcase,0.274276346,73.66664886,110.2761002,107.5597916,268.1214294
787,suitcase,0.274276346,73.66664886,110.2761002,107.5597916,268.1214294
788,tie,0.306492209,518.0066528,60.31604004,680.086853,1280
789,tie,0.306492209,518.0066528,60.31604004,680.086853,1280
790,tie,0.378158778,428.367218,427.9077148,456.937561,463.6945801
791,tie,0.306492209,518.0066528,60.31604004,680.086853,1280
792,tie,0.378158778,428.367218,427.9077148,456.937561,463.6945801
793,toilet,0.473945767,22.77291679,149.8513641,57.97297668,257.2084961
794,toilet,0.350602746,35.41158295,143.1838837,80.00348663,262.0569153
795,toilet,0.473945767,22.77291679,149.8513641,57.97297668,257.2084961
796,toilet,0.350602746,35.41158295,143.1838837,80.00348663,262.0569153
797,toilet,0.473945767,22.77291679,149.8513641,57.97297668,257.2084961
798,toilet,0.350602746,35.41158295,143.1838837,80.00348663,262.0569153
799,toilet,0.473945767,22.77291679,149.8513641,57.97297668,257.2084961
800,toilet,0.350602746,35.41158295,143.1838837,80.00348663,262.0569153
801,toilet,0.473945767,22.77291679,149.8513641,57.97297668,257.2084961
802,toilet,0.350602746,35.41158295,143.1838837,80.00348663,262.0569153
803,toilet,0.473945767,22.77291679,149.8513641,57.97297668,257.2084961
804,toilet,0.350602746,35.41158295,143.1838837,80.00348663,262.0569153
805,toilet,0.473945767,22.77291679,149.8513641,57.97297668,257.2084961
806,toilet,0.350602746,35.41158295,143.1838837,80.00348663,262.0569153
807,toilet,0.473945767,22.77291679,149.8513641,57.97297668,257.2084961
808,toilet,0.350602746,35.41158295,143.1838837,80.00348663,262.0569153
809,toilet,0.473945767,22.77291679,149.8513641,57.97297668,257.2084961
810,toilet,0.350602746,35.41158295,143.1838837,80.00348663,262.0569153
811,toilet,0.473945767,22.77291679,149.8513641,57.97297668,257.2084961
812,toilet,0.350602746,35.41158295,143.1838837,80.00348663,262.0569153
813,toilet,0.473945767,22.77291679,149.8513641,57.97297668,257.2084961
814,toilet,0.350602746,35.41158295,143.1838837,80.00348663,262.0569153
815,vase,0.29241097,168.9641571,53.65874863,333.2687073,490.4127197
816,vase,0.411164522,244.1895599,63.21733093,566.3516235,528.1524048
817,vase,0.29241097,168.9641571,53.65874863,333.2687073,490.4127197
818,vase,0.29241097,168.9641571,53.65874863,333.2687073,490.4127197
819,vase,0.411164522,244.1895599,63.21733093,566.3516235,528.1524048
820,vase,0.29241097,168.9641571,53.65874863,333.2687073,490.4127197
